{"cameraMode":{"drawMode":0,"name":"Shaded","section":"Shading Mode"},"sceneLighting":true,"audioPlay":false,"sceneViewState":{"showFog":true,"showMaterialUpdate":true,"showSkybox":true,"showFlares":true,"showImageEffects":true,"showParticleSystems":true},"in2DMode":false,"pivot":{"x":-131.5382537841797,"y":777.6005249023438,"z":-2767.3251953125},"rotation":{"x":0.1636074185371399,"y":0.38232728838920596,"z":-0.06898139417171478,"w":0.9068166017532349},"size":145.45550537109376,"orthographic":false}